EMPLID,AMOUNT,DEPT,ITEMTYPE,TERM,PERIOD
010268696,147.2,D40025,000000130000,2124,201208
010359644,254.56,D40030,000000130200,2124,201208
010364857,568.43,D40025,000000130000,2124,201208
010422811,110.7,D20037,000000130000,2124,201208
010436448,45.0,D20031,000000130000,2124,201208
010443403,148.5,D40020,000000130000,2124,201208
010471652,64.0,D40022,000000742000,2124,201208
010485874,140.0,D20038,000000130000,2124,201208
010542515,120.0,D40028,000000130000,2124,201208
010679262,76.0,D40030,000000130000,2124,201208
010753362,68.0,D20031,000000130000,2124,201208
011009748,32.8,D20085,000000130100,2124,201208
011037451,147.0,D40005,000000130100,2124,201208
011284022,25.5,D20031,000000130100,2124,201208
011290860,34.0,D20028,000000130100,2124,201208
011293824,110.5,D20031,000000130100,2124,201208
011305758,16.8,D40022,000000130100,2124,201208
011332850,532.8,D40008,000000130200,2124,201208
938560161,600.0,D20040,000000742001,2124,201208
945034460,120.0,D40025,000000130000,2124,201208
945490695,786.09,D40038,000000130000,2124,201208
946152915,235.0,D40007,000000130000,2124,201208
946412447,378.0,D40060,000000130000,2124,201208
946509960,359.98,D20085,000000130000,2124,201208
946671459,298.38,D40060,000000130000,2124,201208
946700124,82.0,D20085,000000130000,2124,201208
946717284,144.8,D40046,000000130000,2124,201208
946756947,524.7,D20015,000000130000,2124,201208
946849793,438.6,D40030,000000130000,2124,201208
946875559,431.69,D40030,000000130000,2124,201208
947224349,88.0,D20040,000000742001,2124,201208
948158022,440.0,D40025,000000130000,2124,201208
948815237,20.63,D20042,000000130000,2124,201208
948944951,267.75,D40025,000000130000,2124,201208
949019909,200.0,D40027,000000130000,2124,201208
949105839,508.79,D40046,000000130000,2124,201208
949128290,237.72,D20085,000000130000,2124,201208
949157865,201.45,D40025,000000130000,2124,201208
949173907,269.5,D40025,000000130000,2124,201208
949174128,173.7,D40025,000000130000,2124,201208
949225855,34.0,D20031,000000130000,2124,201208
949233109,279.65,D40060,000000130000,2124,201208
949301645,290.0,D20038,000000130000,2124,201208
949324512,88.0,D40028,000000130000,2124,201208
949345013,400.0,D20040,000000742001,2124,201208
949400497,52.0,D40025,000000130000,2124,201208
949465289,579.5,D10005,000000130000,2124,201208
949466251,131.75,D40032,000000130000,2124,201208
949548892,147.0,D40025,000000130000,2124,201208
949757945,139.2,D40046,000000130000,2124,201208
949926659,194.4,D40025,000000742000,2124,201208
949941661,241.5,D10015,000000130000,2124,201208
950195577,191.25,D40032,000000130000,2124,201208
950650876,62.4,D40008,000000130000,2124,201208
950678592,623.7,D40025,000000742000,2124,201208
950689044,45.0,D20066,000000130000,2124,201208
950764808,628.43,D40030,000000130000,2124,201208
950804965,261.0,D20015,000000130000,2124,201208
950929609,258.0,D10015,000000130000,2124,201208
951038354,143.0,D20047,000000130000,2124,201208
951055007,48.0,D40025,000000130000,2124,201208
951060714,135.0,D40020,000000130000,2124,201208
951069515,262.5,D40025,000000130000,2124,201208
951069632,108.0,D20036,000000130000,2124,201208
951080864,120.0,D40025,000000130000,2124,201208
951116016,191.86,D40030,000000130000,2124,201208
951118187,230.35,D40025,000000130000,2124,201208
951129939,146.85,D40025,000000130000,2124,201208
951166092,309.4,D40028,000000130000,2124,201208
951182589,144.0,D40020,000000130000,2124,201208
951182589,252.0,D40025,000000130000,2124,201208
951214959,320.25,D40025,000000130000,2124,201208
951222681,250.8,D40030,000000130000,2124,201208
951255844,104.5,D20066,000000130000,2124,201208
951323964,438.4,D40025,000000130000,2124,201208
951354735,830.0,D20019,000000130000,2124,201208
951363315,135.0,D20066,000000130000,2124,201208
951363315,42.5,D20031,000000130000,2124,201208
951364316,255.2,D40046,000000130000,2124,201208
951364316,120.0,D40025,000000130000,2124,201208
951381372,150.4,D20085,000000130000,2124,201208
951381372,107.5,D40030,000000130000,2124,201208
951468667,152.0,D20085,000000130000,2124,201208
951468667,180.6,D40025,000000130000,2124,201208
951499048,360.8,D40053,000000130000,2124,201208
951542247,337.98,D40030,000000130000,2124,201208
951586577,52.0,D40008,000000130000,2124,201208
951586577,88.0,D40008,000000130000,2124,201208
951672962,112.0,D40025,000000130000,2124,201208
951688133,660.0,D20040,000000742001,2124,201208
951959508,489.23,D40030,000000130000,2124,201208
952910926,274.22,D40030,000000130000,2124,201208
952998416,237.6,D20085,000000130000,2124,201208
953054290,153.13,D40060,000000130000,2124,201208
953084099,11.55,D20042,000000130000,2124,201208
953086855,38.0,D20031,000000130000,2124,201208
953098321,181.5,D40025,000000130000,2124,201208
953107928,153.0,D20065,000000130000,2124,201208
953123203,130.0,D40025,000000130000,2124,201208
953129846,201.6,D40046,000000130000,2124,201208
953137217,120.0,D40025,000000130000,2124,201208
953139024,402.5,D40005,000000130000,2124,201208
953155508,41.25,D40032,000000130000,2124,201208
953155508,151.2,D40005,000000130000,2124,201208
953176464,261.6,D40025,000000130000,2124,201208
953207833,85.5,D20030,000000130000,2124,201208
953209237,102.0,D40025,000000130000,2124,201208
953221340,102.0,D40025,000000130000,2124,201208
953237356,525.0,D40024,000000130000,2124,201208
953253320,315.0,D40005,000000130000,2124,201208
953269297,131.2,D40008,000000130000,2124,201208
953303396,44.0,D40008,000000130000,2124,201208
953315564,59.5,D20031,000000130000,2124,201208
953387272,84.0,D20058,000000130000,2124,201208
953398075,60.0,D40008,000000130000,2124,201208
953435788,733.0,D20019,000000130000,2124,201208
953469315,204.25,D40005,000000130000,2124,201208
953480313,32.0,D40008,000000130000,2124,201208
953480313,40.0,D40009,000000130000,2124,201208
010465191,80.0,D40025,000000742000,2124,201208
010471652,68.8,D20085,000000130000,2124,201208
940913356,160.0,D20066,000000130000,2124,201208
946862078,221.0,D40025,000000742000,2124,201208
950147854,350.1,D40025,000000742000,2124,201208
950639865,74.4,D40025,000000742000,2124,201208
951097361,67.2,D40025,000000742000,2124,201208
951114989,60.0,D20025,000000130000,2124,201208
951302020,54.0,D40025,000000742000,2124,201208
951358882,48.0,D20035,000000130000,2124,201208
953230687,428.0,D20018,000000130000,2124,201208
953303396,32.0,D40008,000000130000,2124,201208
010052168,452.76,D20012,000000742002,2124,201209
010266213,106.25,D40025,000000742000,2124,201209
010359644,417.1,D40030,000000130200,2124,201209
010364857,502.43,D40025,000000130000,2124,201209
010422811,129.6,D20037,000000130000,2124,201209
010426958,112.0,D20023,000000130000,2124,201209
010436448,346.5,D20031,000000130000,2124,201209
010443403,206.25,D40020,000000130000,2124,201209
010448902,232.75,D20066,000000742000,2124,201209
010471652,286.4,D20085,000000130000,2124,201209
010471652,160.0,D40022,000000130000,2124,201209
010485874,360.0,D20038,000000130000,2124,201209
010542515,160.0,D40028,000000130000,2124,201209
010679262,133.6,D40030,000000130000,2124,201209
010705587,290.0,D40025,000000742000,2124,201209
010753362,221.0,D20031,000000130000,2124,201209
010894581,106.25,D40025,000000742000,2124,201209
010894581,108.0,D40025,000000742000,2124,201209
010988610,450.0,D20012,000000742002,2124,201209
011009748,312.8,D20085,000000130100,2124,201209
011037451,302.4,D40005,000000130100,2124,201209
011052206,193.5,D40025,000000742000,2124,201209
011096939,291.2,D20085,000000130100,2124,201209
011140008,273.0,D40025,000000742000,2124,201209
011284022,204.0,D20031,000000130100,2124,201209
011287857,214.2,D20031,000000130200,2124,201209
011290860,170.0,D20028,000000130100,2124,201209
011293824,306.0,D20031,000000130100,2124,201209
011305667,20.0,D20037,000000130200,2124,201209
011305758,164.0,D40022,000000130100,2124,201209
011315651,128.0,D40008,000000130100,2124,201209
011325323,53.6,D40025,000000130100,2124,201209
011331966,127.5,D40025,000000742000,2124,201209
011332850,362.4,D40008,000000130200,2124,201209
011332850,64.0,D40008,000000130200,2124,201209
011437006,79.05,D20037,000000130100,2124,201209
011442037,233.6,D40022,000000742000,2124,201209
011446899,328.0,D40022,000000742000,2124,201209
011844543,320.0,D20012,000000742002,2124,201209
934240781,312.0,D20012,000000742002,2124,201209
937130161,646.8,D20012,000000742002,2124,201209
938560161,800.0,D20040,000000742001,2124,201209
939977109,468.93,D20012,000000742002,2124,201209
940913356,270.0,D20066,000000130000,2124,201209
945034460,232.0,D40025,000000130000,2124,201209
945490695,260.88,D40038,000000130000,2124,201209
946152915,595.0,D40007,000000130000,2124,201209
946412447,226.8,D40060,000000130000,2124,201209
946509960,323.08,D20085,000000130000,2124,201209
946565509,600.0,D20012,000000742002,2124,201209
946671459,434.88,D40060,000000130000,2124,201209
946700124,243.54,D20085,000000130000,2124,201209
946717284,380.1,D40046,000000130000,2124,201209
946756947,218.7,D20015,000000130000,2124,201209
946766996,146.7,D20066,000000742000,2124,201209
946776512,16.0,D20023,000000130000,2124,201209
946776512,192.0,D20023,000000130000,2124,201209
946849793,239.08,D40030,000000130000,2124,201209
946862078,240.5,D40025,000000742000,2124,201209
946875559,444.36,D40030,000000130000,2124,201209
947224349,110.0,D20040,000000742001,2124,201209
948158022,616.0,D40025,000000130000,2124,201209
948620562,312.0,D20012,000000742002,2124,201209
948815237,226.88,D20042,000000130000,2124,201209
948815237,103.12,D20042,000000130000,2124,201209
948904638,49.35,D40025,000000742000,2124,201209
948906068,229.5,D40032,000000130000,2124,201209
948944951,640.5,D40028,000000130000,2124,201209
949019909,548.8,D40027,000000130000,2124,201209
949105839,627.66,D40046,000000130000,2124,201209
949128290,526.15,D20085,000000130000,2124,201209
949157865,362.95,D40025,000000130000,2124,201209
949161362,374.13,D40060,000000130000,2124,201209
949173907,544.5,D40028,000000130000,2124,201209
949174128,634.5,D40025,000000130000,2124,201209
949225855,153.0,D20031,000000130000,2124,201209
949233109,335.75,D40060,000000130000,2124,201209
949301645,530.0,D20038,000000130000,2124,201209
949324512,308.55,D40028,000000130000,2124,201209
949345013,415.0,D20040,000000742001,2124,201209
949400497,290.0,D40025,000000130000,2124,201209
949451236,96.0,D20023,000000130000,2124,201209
949465289,622.25,D10005,000000130000,2124,201209
949466251,238.0,D40032,000000130000,2124,201209
949548892,427.88,D40025,000000130000,2124,201209
949757945,48.0,D20023,000000130000,2124,201209
949757945,403.68,D40046,000000130000,2124,201209
949926659,573.3,D40025,000000742000,2124,201209
949941661,535.5,D10015,000000130000,2124,201209
950147854,513.0,D40025,000000742000,2124,201209
950195577,293.25,D40032,000000130000,2124,201209
950639865,238.08,D40025,000000742000,2124,201209
950650876,72.0,D40008,000000130000,2124,201209
950678592,486.0,D40025,000000742000,2124,201209
950689044,202.5,D20066,000000130000,2124,201209
950764808,783.41,D40030,000000130000,2124,201209
950804965,471.6,D20015,000000130000,2124,201209
950929609,486.0,D10005,000000130000,2124,201209
951037223,571.95,D40025,000000742000,2124,201209
951038354,283.8,D20047,000000130000,2124,201209
951055007,304.0,D40025,000000130000,2124,201209
951060714,191.7,D40020,000000130000,2124,201209
951069515,677.25,D40028,000000130000,2124,201209
951069632,194.4,D20036,000000130000,2124,201209
951080864,221.0,D40025,000000130000,2124,201209
951097361,348.6,D40025,000000742000,2124,201209
951114989,237.6,D20025,000000130000,2124,201209
951116016,253.4,D40030,000000130000,2124,201209
951118187,555.9,D40025,000000130000,2124,201209
951129939,379.5,D40025,000000130000,2124,201209
951136738,120.0,D20023,000000130000,2124,201209
951139416,210.0,D40025,000000742000,2124,201209
951166092,284.38,D40028,000000130000,2124,201209
951182589,288.0,D40020,000000130000,2124,201209
951182589,488.25,D40028,000000130000,2124,201209
951214959,824.25,D40028,000000130000,2124,201209
951222681,480.15,D40030,000000130000,2124,201209
951255844,319.2,D20066,000000130000,2124,201209
951302020,373.5,D40025,000000742000,2124,201209
951323964,328.0,D40025,000000130000,2124,201209
951354735,550.0,D20019,000000130000,2124,201209
951358882,216.0,D40025,000000130000,2124,201209
951358882,120.0,D20034,000000130000,2124,201209
951363315,400.0,D20066,000000130000,2124,201209
951363315,153.0,D20031,000000130000,2124,201209
951364316,260.0,D40025,000000130000,2124,201209
951364316,538.24,D40046,000000130000,2124,201209
951381372,328.0,D20085,000000130000,2124,201209
951381372,251.98,D40030,000000130000,2124,201209
951468667,125.6,D20085,000000130000,2124,201209
951468667,488.25,D40025,000000130000,2124,201209
951499048,637.88,D40053,000000130000,2124,201209
951542247,609.74,D40030,000000130000,2124,201209
951586577,160.0,D40008,000000130000,2124,201209
951586577,124.0,D40008,000000130000,2124,201209
951612096,373.2,D20012,000000742002,2124,201209
951672962,211.0,D40025,000000130000,2124,201209
951688133,390.0,D20040,000000742001,2124,201209
951959508,524.7,D40030,000000130000,2124,201209
951997728,104.0,D20023,000000130000,2124,201209
952013900,192.0,D20023,000000130000,2124,201209
952910926,450.69,D40030,000000130000,2124,201209
952998416,438.4,D20085,000000130000,2124,201209
953054290,310.63,D40060,000000130000,2124,201209
953086855,323.0,D20031,000000130000,2124,201209
953090378,16.0,D40008,000000130100,2124,201209
953090378,232.0,D40008,000000130100,2124,201209
953098321,65.18,D40025,000000130000,2124,201209
953107928,283.9,D20065,000000130000,2124,201209
953123203,228.0,D40025,000000130000,2124,201209
953129846,537.6,D40046,000000130000,2124,201209
953137217,250.0,D40025,000000130000,2124,201209
953139024,341.25,D40005,000000130000,2124,201209
953155508,327.6,D40005,000000130000,2124,201209
953155508,189.75,D40032,000000130000,2124,201209
953176464,518.4,D40025,000000130000,2124,201209
953207833,234.0,D20030,000000130000,2124,201209
953209237,214.0,D40025,000000130000,2124,201209
953221340,221.0,D40025,000000130000,2124,201209
953230401,544.8,D20012,000000742002,2124,201209
953230687,572.0,D20018,000000130000,2124,201209
953237356,462.0,D40024,000000130000,2124,201209
953247873,211.2,D40025,000000130000,2124,201209
953253320,363.13,D40005,000000130000,2124,201209
953269297,240.0,D40008,000000130000,2124,201209
953303396,160.0,D20008,000000130000,2124,201209
953315564,161.5,D20031,000000130000,2124,201209
953334115,243.1,D20051,000000130000,2124,201209
953387272,113.4,D20058,000000130000,2124,201209
953387272,34.0,D40032,000000130000,2124,201209
953398075,228.0,D40008,000000130000,2124,201209
953398075,72.0,D40008,000000130000,2124,201209
953410659,20.5,D40028,000000130000,2124,201209
953410659,30.75,D40028,000000130000,2124,201209
953410659,184.0,D20023,000000130000,2124,201209
953435788,267.0,D20019,000000130000,2124,201209
953469315,394.25,D40005,000000130000,2124,201209
953475308,345.0,D40025,000000742000,2124,201209
953480313,190.4,D40009,000000130000,2124,201209
953480313,69.6,D40008,000000130000,2124,201209
951139416,75.15,D40025,000000742000,2124,201209
010052168,452.76,D20012,000000742002,2124,201210
010266213,255.0,D40025,000000742000,2124,201210
010268696,239.25,D40025,000000130000,2124,201210
010359644,423.12,D40030,000000130200,2124,201210
010364857,695.48,D40025,000000130000,2124,201210
010396161,650.0,D20012,000000742002,2124,201210
010422811,643.5,D20037,000000130000,2124,201210
010426958,240.0,D20023,000000130000,2124,201210
010436448,333.0,D20031,000000130000,2124,201210
010442649,405.0,D40024,000000130000,2124,201210
010442649,84.0,D40032,000000130000,2124,201210
010443403,281.33,D40020,000000130000,2124,201210
010448902,304.0,D20066,000000742000,2124,201210
010471652,176.0,D40022,000000130000,2124,201210
010471652,381.6,D20085,000000130000,2124,201210
010485874,420.0,D20038,000000130000,2124,201210
010542515,196.0,D40025,000000130000,2124,201210
010679262,31.2,D40030,000000130000,2124,201210
010705587,460.0,D40025,000000742000,2124,201210
010753362,314.5,D20031,000000130000,2124,201210
010894581,144.5,D40025,000000742000,2124,201210
010894581,346.5,D40025,000000742000,2124,201210
010988610,262.5,D20012,000000742002,2124,201210
011009748,343.2,D20085,000000130100,2124,201210
011037451,340.2,D40005,000000130100,2124,201210
011052206,315.0,D40025,000000742000,2124,201210
011096939,354.4,D20085,000000130100,2124,201210
011140008,458.0,D40025,000000742000,2124,201210
011284022,178.5,D20031,000000130100,2124,201210
011284464,192.0,D40020,000000130100,2124,201210
011287857,311.1,D20031,000000130200,2124,201210
011290860,204.0,D20028,000000130100,2124,201210
011293187,441.0,D40046,000000130100,2124,201210
011293824,331.5,D20031,000000130100,2124,201210
011305667,610.0,D20037,000000130200,2124,201210
011305758,140.0,D40022,000000130100,2124,201210
011315651,144.0,D40008,000000130100,2124,201210
011325323,410.4,D40025,000000130100,2124,201210
011331043,115.2,D40025,000000130100,2124,201210
011331966,209.1,D40025,000000742000,2124,201210
011332850,40.0,D40008,000000130200,2124,201210
011394301,560.0,D40025,000000742000,2124,201210
011435511,183.89,D40025,000000742000,2124,201210
011437006,134.3,D20037,000000130100,2124,201210
011442037,308.0,D40022,000000742000,2124,201210
011446899,312.0,D40022,000000742000,2124,201210
011559050,102.0,D40060,000000130100,2124,201210
011844543,320.0,D20012,000000742002,2124,201210
937130161,646.8,D20012,000000742002,2124,201210
938560161,600.0,D20040,000000742001,2124,201210
939721139,91.8,D40025,000000742000,2124,201210
939977109,582.12,D20012,000000742002,2124,201210
940913356,400.0,D20066,000000130000,2124,201210
945034460,192.0,D40025,000000130000,2124,201210
945252340,110.0,D20042,000000130000,2124,201210
945490695,341.82,D40038,000000130000,2124,201210
946152915,660.0,D40007,000000130000,2124,201210
946412447,243.0,D40060,000000130000,2124,201210
946505527,174.25,D40025,000000742000,2124,201210
946509960,319.8,D20085,000000130000,2124,201210
946565509,690.0,D20012,000000742002,2124,201210
946671459,262.5,D40060,000000130000,2124,201210
946700124,289.46,D20085,000000130000,2124,201210
946717284,334.85,D40046,000000130000,2124,201210
946756947,356.4,D20015,000000130000,2124,201210
946766996,180.0,D20066,000000742000,2124,201210
946776512,288.0,D20023,000000130000,2124,201210
946776512,160.0,D20023,000000130000,2124,201210
946849793,454.08,D40030,000000130000,2124,201210
946862078,383.5,D40025,000000742000,2124,201210
946875559,488.7,D40030,000000130000,2124,201210
947224349,160.0,D20040,000000742001,2124,201210
948158022,709.5,D40028,000000130000,2124,201210
948620562,312.0,D20012,000000742002,2124,201210
948815237,144.37,D20042,000000130000,2124,201210
948815237,119.63,D20042,000000130000,2124,201210
948904638,123.38,D40025,000000742000,2124,201210
948906068,162.0,D40032,000000130000,2124,201210
948944951,672.0,D40028,000000130000,2124,201210
949019909,504.0,D40027,000000130000,2124,201210
949105839,718.01,D40046,000000130000,2124,201210
949128290,498.95,D20085,000000130000,2124,201210
949157865,397.8,D40025,000000130000,2124,201210
949161362,319.8,D40060,000000130000,2124,201210
949173907,676.5,D40028,000000130000,2124,201210
949174128,480.6,D40025,000000130000,2124,201210
949225855,153.0,D20031,000000130000,2124,201210
949233109,300.9,D40060,000000130000,2124,201210
949301645,715.0,D20038,000000130000,2124,201210
949324512,288.75,D40028,000000130000,2124,201210
949326423,152.0,D40001,000000130000,2124,201210
949345013,320.0,D20040,000000742001,2124,201210
949400497,223.0,D40025,000000130000,2124,201210
949451236,200.0,D20023,000000130000,2124,201210
949465289,690.65,D10005,000000130000,2124,201210
949466251,263.5,D40032,000000130000,2124,201210
949548892,405.13,D40025,000000130000,2124,201210
949757945,168.0,D20023,000000130000,2124,201210
949757945,396.26,D40046,000000130000,2124,201210
949926659,544.5,D40025,000000742000,2124,201210
949941661,602.7,D10015,000000130000,2124,201210
950195577,425.0,D40032,000000130000,2124,201210
950639865,299.58,D40025,000000742000,2124,201210
950650876,112.0,D40008,000000130000,2124,201210
950678592,511.2,D40025,000000742000,2124,201210
950689044,171.0,D20066,000000130000,2124,201210
950764808,748.44,D40030,000000130000,2124,201210
950804965,405.0,D20015,000000130000,2124,201210
950929609,640.0,D10015,000000130000,2124,201210
951037223,608.22,D40025,000000742000,2124,201210
951038354,293.7,D20047,000000130000,2124,201210
951055007,240.0,D40025,000000130000,2124,201210
951060714,315.0,D40020,000000130000,2124,201210
951069515,698.25,D40028,000000130000,2124,201210
951069515,32.4,D20085,000000130000,2124,201210
951069632,315.0,D20036,000000130000,2124,201210
951075989,379.0,D20089,000000130000,2124,201210
951080864,272.0,D40025,000000130000,2124,201210
951097361,327.6,D40025,000000742000,2124,201210
951114989,228.0,D20025,000000130000,2124,201210
951116016,217.2,D40030,000000130000,2124,201210
951118187,472.6,D40025,000000130000,2124,201210
951129939,452.93,D40025,000000130000,2124,201210
951136738,296.0,D20023,000000130000,2124,201210
951139416,526.05,D40025,000000742000,2124,201210
951166092,371.88,D40028,000000130000,2124,201210
951182589,207.0,D40020,000000130000,2124,201210
951182589,651.0,D40028,000000130000,2124,201210
951214959,766.5,D40028,000000130000,2124,201210
951222681,519.75,D40030,000000130000,2124,201210
951255844,407.55,D20066,000000130000,2124,201210
951302020,405.0,D40025,000000742000,2124,201210
951323964,406.4,D40025,000000130000,2124,201210
951354735,690.0,D20019,000000130000,2124,201210
951358882,200.0,D40025,000000130000,2124,201210
951358882,144.0,D20035,000000130000,2124,201210
951363315,170.0,D20031,000000130000,2124,201210
951363315,340.0,D20066,000000130000,2124,201210
951364316,285.0,D40025,000000130000,2124,201210
951364316,675.8,D40046,000000130000,2124,201210
951381372,317.34,D40030,000000130000,2124,201210
951381372,363.2,D20085,000000130000,2124,201210
951468667,291.9,D40025,000000130000,2124,201210
951468667,151.3,D20085,000000130000,2124,201210
951542247,593.4,D40030,000000130000,2124,201210
951586577,164.0,D40008,000000130000,2124,201210
951586577,184.0,D40008,000000130000,2124,201210
951612096,419.85,D20012,000000742002,2124,201210
951672962,285.0,D40025,000000130000,2124,201210
951688133,460.0,D20040,000000742001,2124,201210
951959508,582.45,D40030,000000130000,2124,201210
951997728,344.0,D20023,000000130000,2124,201210
952013900,280.0,D20023,000000130000,2124,201210
952349573,108.0,D40025,000000742000,2124,201210
952910926,503.18,D40030,000000130000,2124,201210
952998416,457.6,D20085,000000130000,2124,201210
953054290,459.38,D40060,000000130000,2124,201210
953086855,228.0,D20031,000000130000,2124,201210
953090378,216.0,D40080,000000130100,2124,201210
953107928,436.9,D20065,000000130000,2124,201210
953123203,235.0,D40025,000000130000,2124,201210
953129846,570.64,D40046,000000130000,2124,201210
953137217,270.0,D40025,000000130000,2124,201210
953139024,405.13,D40005,000000130000,2124,201210
953155508,361.2,D40005,000000130000,2124,201210
953155508,185.63,D40032,000000130000,2124,201210
953176464,611.2,D40025,000000130000,2124,201210
953207833,289.8,D20030,000000130000,2124,201210
953209237,272.0,D40025,000000130000,2124,201210
953221340,280.0,D40025,000000130000,2124,201210
953230401,544.8,D20012,000000742002,2124,201210
953230687,900.0,D20018,000000130000,2124,201210
953237356,10.5,D40024,000000130000,2124,201210
953247873,253.2,D40025,000000130000,2124,201210
953253320,446.25,D40005,000000130000,2124,201210
953269297,291.2,D40008,000000130000,2124,201210
953275186,295.0,D20040,000000742001,2124,201210
953303396,216.0,D40008,000000130000,2124,201210
953315564,267.75,D20031,000000130000,2124,201210
953334115,163.2,D20051,000000130000,2124,201210
953387272,88.2,D20058,000000130000,2124,201210
953387272,68.0,D40032,000000130000,2124,201210
953398075,104.0,D40008,000000130000,2124,201210
953398075,156.0,D40008,000000130000,2124,201210
953410659,144.0,D20023,000000130000,2124,201210
953410659,61.5,D40060,000000130000,2124,201210
953410659,41.0,D40028,000000130000,2124,201210
953410659,41.0,D40028,000000130000,2124,201210
953414052,178.5,D40032,000000130000,2124,201210
953435788,398.0,D20019,000000130000,2124,201210
953469315,479.75,D40005,000000130000,2124,201210
953475308,250.0,D40025,000000742000,2124,201210
953480313,96.0,D40008,000000130000,2124,201210
953480313,165.6,D40009,000000130000,2124,201210
950147854,439.2,D40025,000000742000,2124,201210
952100688,219.3,D40025,000000742000,2124,201210
949093528,175.2,D20085,000000130000,2124,201211
953250408,247.8,D20085,000000130000,2124,201211
010266213,215.9,D40025,000000742000,2124,201211
010268696,206.25,D40025,000000130000,2124,201211
010359644,348.3,D40030,000000130200,2124,201211
010364857,541.2,D40025,000000130000,2124,201211
010396161,600.0,D20012,000000742002,2124,201211
010414569,156.24,D20085,000000130000,2124,201211
010422811,496.8,D20037,000000130000,2124,201211
010426958,152.0,D20023,000000130000,2124,201211
010432587,400.5,D20018,000000130000,2124,201211
010436448,432.0,D20031,000000130000,2124,201211
010442649,306.0,D40024,000000130000,2124,201211
010442649,232.0,D40032,000000130000,2124,201211
010443403,222.75,D40020,000000130000,2124,201211
010448902,228.0,D20066,000000742000,2124,201211
010471652,226.4,D20085,000000130000,2124,201211
010471652,116.0,D40022,000000130000,2124,201211
010485874,320.0,D20038,000000130000,2124,201211
010542515,172.0,D40028,000000130000,2124,201211
010591668,297.6,D20085,000000130000,2124,201211
010705587,270.0,D40025,000000742000,2124,201211
010708746,924.0,D20017,000000130000,2124,201211
010753362,216.9,D20031,000000130000,2124,201211
010894581,195.5,D40025,000000742000,2124,201211
010894581,292.5,D40025,000000742000,2124,201211
010988610,400.0,D20012,000000742002,2124,201211
011009748,275.2,D20085,000000130100,2124,201211
011019914,960.0,D20012,000000742002,2124,201211
011037451,235.2,D40005,000000130100,2124,201211
011052206,279.0,D40025,000000742000,2124,201211
011096939,244.0,D20085,000000130100,2124,201211
011140008,299.0,D40025,000000742000,2124,201211
011284022,153.0,D20031,000000130100,2124,201211
011284464,104.0,D40020,000000130100,2124,201211
011286245,142.4,D20085,000000130200,2124,201211
011287857,144.5,D20031,000000130200,2124,201211
011290860,161.5,D20028,000000130100,2124,201211
011293187,529.2,D40046,000000130100,2124,201211
011293824,289.0,D20031,000000130100,2124,201211
011305667,370.0,D20037,000000130200,2124,201211
011305758,72.0,D40022,000000130100,2124,201211
011315651,120.0,D40008,000000130100,2124,201211
011325323,267.2,D40025,000000130100,2124,201211
011331043,111.2,D40025,000000130100,2124,201211
011331966,260.95,D40025,000000742000,2124,201211
011332850,340.0,D40008,000000130200,2124,201211
011332850,144.0,D40008,000000130200,2124,201211
011394301,520.0,D40025,000000742000,2124,201211
011435511,121.1,D40025,000000742000,2124,201211
011437006,80.75,D20037,000000130100,2124,201211
011442037,227.2,D40022,000000742000,2124,201211
011446899,240.0,D40022,000000742000,2124,201211
011558725,540.0,D20085,000000130200,2124,201211
011559050,153.0,D40060,000000130100,2124,201211
011834403,350.0,D20040,000000742001,2124,201211
011844543,640.0,D20012,000000742002,2124,201211
011884596,898.6,D40008,000000130000,2124,201211
937130161,34.88,D20012,000000742002,2124,201211
939721139,410.4,D40025,000000742000,2124,201211
939977109,662.97,D20012,000000742002,2124,201211
940913356,350.0,D20066,000000130000,2124,201211
943411332,868.0,D20012,000000742002,2124,201211
945034460,152.0,D40025,000000130000,2124,201211
945490695,288.74,D40038,000000130000,2124,201211
946152915,395.0,D40007,000000130000,2124,201211
946408846,414.24,D40017,000000130000,2124,201211
946412447,135.0,D40060,000000130000,2124,201211
946505527,199.75,D40025,000000742000,2124,201211
946509960,328.82,D20085,000000130000,2124,201211
946565509,810.0,D20012,000000742002,2124,201211
946700124,227.14,D20085,000000130000,2124,201211
946717284,283.04,D40046,000000130000,2124,201211
946756947,333.9,D20015,000000130000,2124,201211
946766996,155.7,D20066,000000742000,2124,201211
946776512,240.0,D20023,000000130000,2124,201211
946849793,319.92,D40030,000000130000,2124,201211
946862078,728.0,D40025,000000742000,2124,201211
946875559,327.61,D40030,000000130000,2124,201211
947224349,265.0,D20040,000000742001,2124,201211
948158022,528.0,D40028,000000130000,2124,201211
948620562,312.0,D20012,000000742002,2124,201211
948815237,206.25,D20042,000000130000,2124,201211
948815237,90.75,D20042,000000130000,2124,201211
948899009,345.6,D20017,000000130000,2124,201211
948904638,71.56,D40025,000000742000,2124,201211
948906068,148.5,D40032,000000130000,2124,201211
948944951,488.25,D40028,000000130000,2124,201211
949019909,408.0,D40027,000000130000,2124,201211
949105839,589.62,D40046,000000130000,2124,201211
949123090,55.0,D20042,000000130000,2124,201211
949123090,259.56,D20085,000000130000,2124,201211
949128290,401.2,D20085,000000130000,2124,201211
949157865,184.45,D40025,000000130000,2124,201211
949161362,205.0,D40060,000000130000,2124,201211
949173907,434.5,D40028,000000130000,2124,201211
949174128,372.6,D40025,000000130000,2124,201211
949233109,290.7,D40060,000000130000,2124,201211
949301645,410.0,D20038,000000130000,2124,201211
949324512,136.13,D40028,000000130000,2124,201211
949326423,768.0,D40001,000000130000,2124,201211
949400497,196.0,D40025,000000130000,2124,201211
949451236,184.0,D20023,000000130000,2124,201211
949465289,420.85,D10005,000000130000,2124,201211
949466251,136.0,D40032,000000130000,2124,201211
949548892,315.88,D40025,000000130000,2124,201211
949552545,24.0,D40008,000000130000,2124,201211
949552545,40.0,D40008,000000130000,2124,201211
949757945,160.0,D20023,000000130000,2124,201211
949757945,377.55,D40046,000000130000,2124,201211
949926659,612.9,D40025,000000742000,2124,201211
949941661,84.0,D10015,000000130000,2124,201211
950147854,407.7,D40025,000000742000,2124,201211
950195577,225.25,D40032,000000130000,2124,201211
950639865,336.29,D40025,000000742000,2124,201211
950650876,257.6,D40008,000000130000,2124,201211
950678592,481.5,D40025,000000742000,2124,201211
950689044,41.4,D20066,000000130000,2124,201211
950764808,584.96,D40030,000000130000,2124,201211
950804965,242.1,D20015,000000130000,2124,201211
950911643,346.75,D20017,000000130000,2124,201211
950911643,360.0,D20017,000000130000,2124,201211
950929609,406.0,D10015,000000130000,2124,201211
951037223,464.07,D40025,000000742000,2124,201211
951038354,199.1,D20047,000000130000,2124,201211
951055007,184.0,D40025,000000130000,2124,201211
951055683,422.4,D20085,000000130000,2124,201211
951060714,217.8,D40020,000000130000,2124,201211
951069515,67.23,D20085,000000130000,2124,201211
951069515,561.75,D40028,000000130000,2124,201211
951069632,81.0,D20036,000000130000,2124,201211
951075989,322.0,D20089,000000130000,2124,201211
951080864,171.0,D40025,000000130000,2124,201211
951097361,302.4,D40025,000000742000,2124,201211
951104641,360.0,D20017,000000130000,2124,201211
951104641,247.0,D20017,000000130000,2124,201211
951114989,201.6,D20025,000000130000,2124,201211
951116016,144.8,D40030,000000130000,2124,201211
951118187,383.35,D40025,000000130000,2124,201211
951129939,452.93,D40025,000000130000,2124,201211
951136738,216.0,D20023,000000130000,2124,201211
951139416,317.3,D40025,000000742000,2124,201211
951166092,233.63,D40028,000000130000,2124,201211
951182589,189.0,D40020,000000130000,2124,201211
951182589,498.75,D40028,000000130000,2124,201211
951214959,724.5,D40028,000000130000,2124,201211
951222681,401.78,D40030,000000130000,2124,201211
951255844,237.5,D20066,000000130000,2124,201211
951302020,238.5,D40025,000000742000,2124,201211
951323964,341.6,D40025,000000130000,2124,201211
951354735,510.0,D20019,000000130000,2124,201211
951358882,144.0,D20034,000000130000,2124,201211
951358882,152.0,D40025,000000130000,2124,201211
951363315,179.35,D20031,000000130000,2124,201211
951363315,240.0,D20066,000000130000,2124,201211
951364316,220.0,D40025,000000130000,2124,201211
951364316,641.93,D40046,000000130000,2124,201211
951381372,202.1,D40030,000000130000,2124,201211
951381372,239.2,D20085,000000130000,2124,201211
951467536,800.0,D40009,000000130000,2124,201211
951468667,90.1,D20085,000000130000,2124,201211
951468667,303.45,D40025,000000130000,2124,201211
951499048,926.1,D40053,000000130000,2124,201211
951542247,447.98,D40030,000000130000,2124,201211
951586577,32.0,D40008,000000130000,2124,201211
951586577,116.0,D40008,000000130000,2124,201211
951612096,410.52,D20012,000000742002,2124,201211
951672962,191.0,D40025,000000130000,2124,201211
951688133,680.0,D20040,000000742001,2124,201211
951959508,448.92,D40030,000000130000,2124,201211
951997728,296.0,D20023,000000130000,2124,201211
952013900,172.0,D20023,000000130000,2124,201211
952100688,297.5,D40025,000000742000,2124,201211
952349573,130.5,D40025,000000742000,2124,201211
952910926,355.67,D40030,000000130000,2124,201211
952942646,156.0,D40008,000000130000,2124,201211
952998416,419.2,D20085,000000130000,2124,201211
953054290,249.38,D40060,000000130000,2124,201211
953086855,266.0,D20031,000000130000,2124,201211
953090378,140.0,D40008,000000130100,2124,201211
953107928,317.9,D20065,000000130000,2124,201211
953123203,185.0,D40025,000000130000,2124,201211
953129846,369.6,D40046,000000130000,2124,201211
953137217,220.0,D40025,000000130000,2124,201211
953139024,301.88,D40005,000000130000,2124,201211
953155508,285.6,D40005,000000130000,2124,201211
953155508,198.0,D40032,000000130000,2124,201211
953174163,900.0,D20018,000000130000,2124,201211
953176464,424.0,D40025,000000130000,2124,201211
953207833,256.5,D20030,000000130000,2124,201211
953209237,170.0,D40025,000000130000,2124,201211
953221340,221.0,D40025,000000130000,2124,201211
953230401,544.8,D20012,000000742002,2124,201211
953230687,900.0,D20018,000000130000,2124,201211
953247873,271.2,D40025,000000130000,2124,201211
953253320,275.63,D40005,000000130000,2124,201211
953269297,228.8,D40008,000000130000,2124,201211
953275186,563.0,D20040,000000742001,2124,201211
953303396,272.0,D40008,000000130000,2124,201211
953315564,187.0,D20031,000000130000,2124,201211
953315824,203.3,D20017,000000130000,2124,201211
953315824,93.6,D20017,000000130000,2124,201211
953334115,166.6,D20051,000000130000,2124,201211
953387272,109.2,D20058,000000130000,2124,201211
953410659,216.0,D20023,000000130000,2124,201211
953410659,51.25,D40028,000000130000,2124,201211
953410659,30.75,D40028,000000130000,2124,201211
953410659,46.13,D40060,000000130000,2124,201211
953414052,136.0,D40032,000000130000,2124,201211
953435788,242.0,D20019,000000130000,2124,201211
953469315,327.75,D40005,000000130000,2124,201211
953475308,395.0,D40025,000000742000,2124,201211
953480313,90.4,D40008,000000130000,2124,201211
953480313,41.6,D40009,000000130000,2124,201211
949093528,144.0,D20085,000000130000,2124,201212
953250408,111.72,D20085,000000130000,2124,201212
010052168,452.76,D20012,000000742002,2124,201212
010266213,306.0,D40025,000000742000,2124,201212
010268696,119.63,D40025,000000130000,2124,201212
010359644,262.3,D40030,000000130200,2124,201212
010364857,254.93,D40025,000000130000,2124,201212
010396161,787.5,D20012,000000742002,2124,201212
010414569,79.8,D20085,000000130000,2124,201212
010422811,168.3,D20037,000000130000,2124,201212
010426958,24.0,D20023,000000130000,2124,201212
010432587,607.5,D20018,000000130000,2124,201212
010442649,64.0,D40032,000000130000,2124,201212
010442649,198.0,D40024,000000130000,2124,201212
010443403,41.25,D40020,000000130000,2124,201212
010448902,152.0,D20066,000000742000,2124,201212
010471652,80.0,D40022,000000130000,2124,201212
010471652,140.8,D20085,000000130000,2124,201212
010485874,220.0,D20038,000000130000,2124,201212
010542515,76.0,D40028,000000130000,2124,201212
010591668,218.4,D20085,000000130000,2124,201212
010708746,756.0,D20017,000000130000,2124,201212
010753362,162.0,D20031,000000130000,2124,201212
010753531,703.4,D20012,000000742002,2124,201212
010894581,135.0,D40025,000000742000,2124,201212
010894581,89.25,D40025,000000742000,2124,201212
010988610,87.5,D20012,000000742002,2124,201212
011009748,195.2,D20085,000000130100,2124,201212
011019914,200.0,D20012,000000742002,2124,201212
011037451,134.4,D40005,000000130100,2124,201212
011052206,108.0,D40025,000000742000,2124,201212
011096939,184.0,D20085,000000130100,2124,201212
011140008,225.0,D40025,000000742000,2124,201212
011284022,51.0,D20031,000000130100,2124,201212
011284464,144.0,D40020,000000130100,2124,201212
011286245,56.0,D20085,000000130200,2124,201212
011287857,136.85,D20031,000000130200,2124,201212
011290860,119.0,D20028,000000130100,2124,201212
011293187,268.8,D40046,000000130100,2124,201212
011293824,149.6,D20031,000000130100,2124,201212
011315651,48.0,D40008,000000130100,2124,201212
011316158,75.6,D40046,000000130200,2124,201212
011325323,228.0,D40025,000000130100,2124,201212
011331043,140.0,D40025,000000130100,2124,201212
011331966,176.8,D40025,000000742000,2124,201212
011332850,80.0,D40008,000000130200,2124,201212
011332850,320.0,D40008,000000130200,2124,201212
011394301,320.0,D40025,000000742000,2124,201212
011437006,54.4,D20037,000000130100,2124,201212
011442037,156.8,D40022,000000742000,2124,201212
011446899,128.0,D40022,000000742000,2124,201212
011558725,380.8,D20085,000000130200,2124,201212
011559050,144.5,D40060,000000130100,2124,201212
011844543,100.0,D20012,000000742002,2124,201212
011884596,35.6,D40008,000000130000,2124,201212
934240781,624.0,D20012,000000742002,2124,201212
937130161,171.4,D20012,000000742002,2124,201212
939721139,295.2,D40025,000000742000,2124,201212
939977109,533.61,D20012,000000742002,2124,201212
940913356,340.0,D20066,000000130000,2124,201212
943411332,616.0,D20012,000000742002,2124,201212
945034460,208.0,D40025,000000130000,2124,201212
945490695,196.03,D40038,000000130000,2124,201212
946152915,430.0,D40007,000000130000,2124,201212
946408846,655.88,D40017,000000130000,2124,201212
946412447,45.0,D40060,000000130000,2124,201212
946505527,208.25,D40025,000000742000,2124,201212
946509960,119.72,D20085,000000130000,2124,201212
946565509,540.0,D20012,000000742002,2124,201212
946700124,203.36,D20085,000000130000,2124,201212
946717284,309.87,D40046,000000130000,2124,201212
946756947,202.5,D20015,000000130000,2124,201212
946766996,87.3,D20066,000000742000,2124,201212
946776512,104.0,D20023,000000130000,2124,201212
946849793,154.8,D40030,000000130000,2124,201212
946862078,364.0,D40025,000000742000,2124,201212
946875559,230.78,D40030,000000130000,2124,201212
946895514,160.0,D20034,000000742000,2124,201212
947224349,106.0,D20040,000000742001,2124,201212
948158022,374.0,D40028,000000130000,2124,201212
948620562,312.0,D20012,000000742002,2124,201212
948815237,139.5,D20042,000000130000,2124,201212
948815237,58.5,D20042,000000130000,2124,201212
948899009,32.0,D40025,000000130000,2124,201212
948899009,533.7,D20017,000000130000,2124,201212
948904638,311.89,D40025,000000742000,2124,201212
948944951,183.75,D40028,000000130000,2124,201212
949019909,164.0,D40027,000000130000,2124,201212
949105839,555.38,D40046,000000130000,2124,201212
949123090,55.0,D20042,000000130000,2124,201212
949123090,318.36,D20085,000000130000,2124,201212
949128290,449.65,D20085,000000130000,2124,201212
949157865,210.8,D40025,000000130000,2124,201212
949161362,303.4,D40060,000000130000,2124,201212
949173907,214.5,D40028,000000130000,2124,201212
949174128,471.6,D40025,000000130000,2124,201212
949233109,158.1,D40060,000000130000,2124,201212
949301645,310.0,D20038,000000130000,2124,201212
949326423,480.0,D40001,000000130000,2124,201212
949400497,56.0,D40025,000000130000,2124,201212
949465289,601.35,D10005,000000130000,2124,201212
949466251,68.0,D40032,000000130000,2124,201212
949548892,290.5,D40025,000000130000,2124,201212
949552545,48.0,D40008,000000130000,2124,201212
949757945,166.43,D40046,000000130000,2124,201212
949926659,358.2,D40025,000000742000,2124,201212
950147854,226.8,D40025,000000742000,2124,201212
950195577,144.5,D40032,000000130000,2124,201212
950639865,549.57,D40025,000000742000,2124,201212
950650876,38.4,D40008,000000130000,2124,201212
950678592,687.6,D40025,000000742000,2124,201212
950764808,240.98,D40030,000000130000,2124,201212
950804965,225.0,D20015,000000130000,2124,201212
950911643,320.0,D20017,000000130000,2124,201212
950911643,133.0,D20017,000000130000,2124,201212
950929375,206.34,D40038,000000130000,2124,201212
950929609,288.0,D10015,000000130000,2124,201212
951037223,260.4,D40025,000000742000,2124,201212
951038354,110.0,D20047,000000130000,2124,201212
951055007,136.0,D40025,000000130000,2124,201212
951055683,140.8,D20085,000000130000,2124,201212
951060714,495.0,D40020,000000130000,2124,201212
951069515,231.0,D40028,000000130000,2124,201212
951069632,386.1,D20036,000000130000,2124,201212
951075989,327.0,D20089,000000130000,2124,201212
951080864,76.0,D40025,000000130000,2124,201212
951080864,126.0,D40028,000000130000,2124,201212
951104641,156.75,D20017,000000130000,2124,201212
951104641,475.0,D20017,000000130000,2124,201212
951114989,163.2,D20025,000000130000,2124,201212
951116016,144.8,D40030,000000130000,2124,201212
951118187,139.4,D40025,000000130000,2124,201212
951129939,174.08,D40025,000000130000,2124,201212
951139416,250.5,D40025,000000742000,2124,201212
951166092,233.63,D40028,000000130000,2124,201212
951182589,117.0,D40020,000000130000,2124,201212
951182589,164.85,D40028,000000130000,2124,201212
951214959,320.25,D40028,000000130000,2124,201212
951222681,240.9,D40030,000000130000,2124,201212
951255844,82.65,D20066,000000130000,2124,201212
951302020,121.5,D40025,000000742000,2124,201212
951323964,225.6,D40025,000000130000,2124,201212
951354735,420.0,D40019,000000130000,2124,201212
951358882,68.0,D20035,000000130000,2124,201212
951358882,96.0,D40025,000000130000,2124,201212
951363315,51.0,D20031,000000130000,2124,201212
951363315,281.0,D20066,000000130000,2124,201212
951381372,39.56,D40030,000000130000,2124,201212
951467536,379.0,D40009,000000130000,2124,201212
951468667,34.65,D40065,000000130000,2124,201212
951468667,21.25,D20085,000000130000,2124,201212
951499048,74.66,D40053,000000130000,2124,201212
951542247,365.62,D40030,000000130000,2124,201212
951586577,148.0,D40008,000000130000,2124,201212
951586577,256.0,D40008,000000130000,2124,201212
951612096,366.52,D20012,000000742002,2124,201212
951672962,62.0,D40025,000000130000,2124,201212
951688133,310.0,D20040,000000742001,2124,201212
951959508,346.58,D40030,000000130000,2124,201212
951997728,16.0,D20023,000000130000,2124,201212
952013900,64.0,D20023,000000130000,2124,201212
952100688,147.9,D40025,000000742000,2124,201212
952349573,117.0,D40025,000000742000,2124,201212
952910926,268.79,D40030,000000130000,2124,201212
952942646,176.0,D40008,000000130000,2124,201212
952998416,236.0,D20085,000000130000,2124,201212
953054290,157.5,D40060,000000130000,2124,201212
953086855,76.0,D20031,000000130000,2124,201212
953107928,160.65,D20065,000000130000,2124,201212
953123203,45.0,D40025,000000130000,2124,201212
953129846,155.4,D40046,000000130000,2124,201212
953137217,45.0,D40025,000000130000,2124,201212
953139024,175.0,D40005,000000130000,2124,201212
953155508,132.0,D40032,000000130000,2124,201212
953174163,800.0,D20018,000000130000,2124,201212
953176464,377.6,D40025,000000130000,2124,201212
953207833,252.0,D20030,000000130000,2124,201212
953209237,45.0,D40025,000000130000,2124,201212
953221340,45.0,D40025,000000130000,2124,201212
953230401,544.8,D20012,000000742002,2124,201212
953230687,60.0,D20018,000000130000,2124,201212
953247873,136.8,D40025,000000130000,2124,201212
953253320,205.63,D40005,000000130000,2124,201212
953269297,56.0,D40008,000000130000,2124,201212
953275186,265.0,D20040,000000742001,2124,201212
953303396,32.0,D40008,000000130000,2124,201212
953315564,93.5,D20031,000000130000,2124,201212
953315824,175.75,D20017,000000130000,2124,201212
953315824,63.0,D20017,000000130000,2124,201212
953334115,62.9,D20051,000000130000,2124,201212
953387272,29.4,D20058,000000130000,2124,201212
953387272,51.0,D40032,000000130000,2124,201212
953410659,30.75,D40060,000000130000,2124,201212
953410659,20.5,D40028,000000130000,2124,201212
953410711,116.0,D40028,000000130000,2124,201212
953435788,231.0,D20019,000000130000,2124,201212
953469315,185.25,D40005,000000130000,2124,201212
953475308,400.0,D40025,000000742000,2124,201212
953480313,40.0,D40008,000000130000,2124,201212
010266213,427.55,D40025,000000742000,2132,201301
010268696,247.5,D40025,000000130000,2132,201301
010282359,742.1,D40025,000000742000,2132,201301
010359644,219.3,D40030,000000130200,2132,201301
010396161,950.0,D20012,000000742002,2132,201301
010414569,169.68,D20085,000000130000,2132,201301
010422811,133.0,D20037,000000130000,2132,201301
010436448,63.0,D20031,000000130000,2132,201301
010442649,300.0,D40024,000000130000,2132,201301
010443403,68.48,D40020,000000130000,2132,201301
010448902,71.25,D20066,000000742000,2132,201301
010471652,221.6,D20085,000000130000,2132,201301
010485874,140.0,D20038,000000130000,2132,201301
010542515,52.8,D40028,000000130000,2132,201301
010591668,179.2,D20085,000000130000,2132,201301
010705587,80.0,D40025,000000742000,2132,201301
010708746,236.25,D20018,000000130000,2132,201301
010753531,582.12,D20012,000000742002,2132,201301
010894581,140.25,D40025,000000742000,2132,201301
010894581,90.0,D40025,000000742000,2132,201301
010988610,900.0,D20012,000000742002,2132,201301
011009748,168.0,D20085,000000130100,2132,201301
011037451,117.6,D40005,000000130100,2132,201301
011052206,180.0,D40025,000000742000,2132,201301
011096939,113.6,D20085,000000130100,2132,201301
011140008,176.0,D40025,000000742000,2132,201301
011284464,140.0,D40020,000000130100,2132,201301
011286245,81.6,D20085,000000130200,2132,201301
011287857,172.0,D20031,000000130200,2132,201301
011290860,59.5,D20028,000000130100,2132,201301
011293187,193.2,D40046,000000130100,2132,201301
011293824,76.5,D20031,000000130100,2132,201301
011305667,230.0,D20037,000000130200,2132,201301
011315651,80.0,D40008,000000130100,2132,201301
011316158,596.4,D40046,000000130200,2132,201301
011325323,140.8,D40025,000000130100,2132,201301
011331043,132.0,D40025,000000130100,2132,201301
011332850,108.0,D40008,000000130200,2132,201301
011332850,52.0,D40008,000000130200,2132,201301
011435511,62.79,D40025,000000742000,2132,201301
011437006,131.25,D20037,000000130100,2132,201301
011442037,119.2,D40022,000000742000,2132,201301
011446899,101.6,D40022,000000742000,2132,201301
011558725,31.2,D20085,000000130200,2132,201301
011559050,386.75,D40060,000000130100,2132,201301
011884596,726.0,D40008,000000130000,2132,201301
939721139,360.0,D40025,000000742000,2132,201301
940913356,80.0,D20066,000000130000,2132,201301
943411332,675.0,D20012,000000742002,2132,201301
945490695,154.53,D40038,000000130000,2132,201301
945490695,57.75,D40050,000000130000,2132,201301
946152915,180.0,D40007,000000130000,2132,201301
946408846,139.16,D40017,000000130000,2132,201301
946412447,55.0,D20045,000000130000,2132,201301
946509960,96.76,D20085,000000130000,2132,201301
946565509,165.0,D20012,000000742002,2132,201301
946700124,79.54,D20085,000000130000,2132,201301
946756947,223.2,D20015,000000130000,2132,201301
946766996,94.5,D20066,000000742000,2132,201301
946849793,393.02,D40030,000000130000,2132,201301
946862078,62.4,D40025,000000742000,2132,201301
946875559,199.1,D40030,000000130000,2132,201301
946895514,370.0,D10016,000000742000,2132,201301
946895514,770.0,D20034,000000742000,2132,201301
947224349,230.0,D20040,000000742001,2132,201301
948158022,330.0,D40028,000000130000,2132,201301
948620562,808.5,D20012,000000742002,2132,201301
948815237,18.0,D20042,000000130000,2132,201301
948899009,162.0,D20017,000000130000,2132,201301
948899009,40.0,D40025,000000130000,2132,201301
948904248,663.23,D40025,000000742000,2132,201301
948904638,493.5,D40025,000000742000,2132,201301
948944951,582.75,D40028,000000130000,2132,201301
949019909,120.0,D40027,000000130000,2132,201301
949093528,232.0,D20085,000000130000,2132,201301
949123090,154.56,D20085,000000130000,2132,201301
949128290,357.85,D20085,000000130000,2132,201301
949161362,283.93,D40060,000000130000,2132,201301
949161362,35.0,D40060,000000130000,2132,201301
949173907,473.0,D40028,000000130000,2132,201301
949174128,507.6,D40025,000000130000,2132,201301
949225855,108.0,D20031,000000130000,2132,201301
949233109,72.25,D40060,000000130000,2132,201301
949264062,123.2,D40025,000000130000,2132,201301
949301645,260.0,D20038,000000130000,2132,201301
949326423,504.0,D40001,000000130000,2132,201301
949345013,60.0,D20040,000000742001,2132,201301
949364227,590.21,D40038,000000130000,2132,201301
949364227,102.5,D40060,000000130000,2132,201301
949465289,80.0,D10005,000000130000,2132,201301
949548892,111.13,D40025,000000130000,2132,201301
949552545,160.0,D40008,000000130000,2132,201301
949552545,32.0,D40008,000000130000,2132,201301
949757945,66.57,D40046,000000130000,2132,201301
949926659,112.5,D40025,000000742000,2132,201301
950147854,512.1,D40025,000000742000,2132,201301
950195577,123.25,D40032,000000130000,2132,201301
950639865,240.06,D40025,000000742000,2132,201301
950650876,56.0,D40008,000000130000,2132,201301
950650876,64.0,D40008,000000130000,2132,201301
950678592,501.3,D40025,000000742000,2132,201301
950804965,236.7,D20015,000000130000,2132,201301
950929375,204.53,D40038,000000130000,2132,201301
951037223,340.38,D40025,000000742000,2132,201301
951055007,88.0,D40025,000000130000,2132,201301
951055683,409.6,D20085,000000130000,2132,201301
951069515,467.25,D40028,000000130000,2132,201301
951069632,118.75,D20031,000000130000,2132,201301
951075989,62.0,D20089,000000130000,2132,201301
951080864,369.0,D40028,000000130000,2132,201301
951104641,52.25,D20017,000000130000,2132,201301
951104641,705.0,D20017,000000130000,2132,201301
951114989,122.5,D20025,000000130000,2132,201301
951116016,171.95,D40030,000000130000,2132,201301
951129939,57.75,D40025,000000130000,2132,201301
951139416,66.8,D40025,000000742000,2132,201301
951166092,229.25,D40028,000000130000,2132,201301
951214959,42.0,D40028,000000130000,2132,201301
951222681,783.75,D40030,000000130000,2132,201301
951255844,113.05,D20066,000000130000,2132,201301
951302020,45.0,D40025,000000742000,2132,201301
951323964,170.4,D40025,000000130000,2132,201301
951358882,96.0,D40025,000000130000,2132,201301
951358882,48.0,D20035,000000130000,2132,201301
951363315,21.25,D20031,000000130000,2132,201301
951363315,100.0,D20066,000000130000,2132,201301
951468667,77.6,D20085,000000130000,2132,201301
951468667,51.85,D20085,000000130000,2132,201301
951542247,140.28,D40030,000000130000,2132,201301
951612096,349.86,D20012,000000742002,2132,201301
951688133,500.0,D20040,000000742001,2132,201301
951959508,304.44,D40030,000000130000,2132,201301
952100688,171.7,D40025,000000742000,2132,201301
952910926,237.11,D40030,000000130000,2132,201301
952942646,332.0,D40008,000000130000,2132,201301
952942646,48.0,D40008,000000130000,2132,201301
952957466,282.56,D40038,000000130000,2132,201301
952998416,481.6,D20085,000000130000,2132,201301
953086855,66.5,D20031,000000130000,2132,201301
953090378,132.0,D40008,000000130100,2132,201301
953107928,61.2,D20065,000000130000,2132,201301
953114597,112.12,D40025,000000742000,2132,201301
953129846,107.63,D40046,000000130000,2132,201301
953139024,148.75,D40005,000000130000,2132,201301
953174163,300.0,D20018,000000130000,2132,201301
953176464,396.8,D40025,000000130000,2132,201301
953207833,423.0,D20030,000000130000,2132,201301
953209237,36.0,D20031,000000130000,2132,201301
953230401,726.4,D20012,000000742002,2132,201301
953253320,131.25,D40005,000000130000,2132,201301
953269297,24.0,D40008,000000130000,2132,201301
953275186,380.0,D20040,000000742001,2132,201301
953275290,217.6,D40025,000000130000,2132,201301
953303396,260.0,D40008,000000130000,2132,201301
953315824,38.0,D20017,000000130000,2132,201301
953315824,88.2,D20017,000000130000,2132,201301
953334115,64.6,D20051,000000130000,2132,201301
953372673,170.5,D20031,000000130000,2132,201301
953387272,54.6,D20058,000000130000,2132,201301
953410711,336.0,D40028,000000130000,2132,201301
953469315,57.0,D40005,000000130000,2132,201301
953475308,375.5,D40025,000000742000,2132,201301
953480313,22.0,D20045,000000130000,2132,201301
010052168,242.55,D20012,999999999999,2132,201302
010266213,205.7,D40025,000000742000,2132,201302
010268696,148.5,D40025,000000130000,2132,201302
010282359,740.9,D40025,000000742000,2132,201302
010284413,250.0,D20109,000000130000,2132,201302
010359644,423.12,D40030,000000130200,2132,201302
010414569,503.16,D20085,000000130000,2132,201302
010422811,378.1,D20028,000000130000,2132,201302
010426958,96.0,D20023,000000130000,2132,201302
010432587,571.5,D20018,000000130000,2132,201302
010436448,180.0,D20031,000000130000,2132,201302
010442649,420.0,D40024,000000130000,2132,201302
010442649,336.0,D40032,000000130000,2132,201302
010443403,255.75,D40020,000000130000,2132,201302
010448902,185.25,D20066,000000742000,2132,201302
010471652,424.8,D20085,000000130000,2132,201302
010482650,365.6,D40025,000000130100,2132,201302
010485874,320.0,D20038,000000130000,2132,201302
010542515,177.6,D40028,000000130000,2132,201302
010591668,484.8,D20085,000000130000,2132,201302
010626417,603.0,D20018,000000130000,2132,201302
010687725,205.0,D20025,000000130000,2132,201302
010705587,260.0,D40025,000000742000,2132,201302
010708746,78.75,D20018,000000130000,2132,201302
010753531,533.61,D20012,000000742002,2132,201302
010894581,267.75,D40025,000000742000,2132,201302
010894581,342.0,D40025,000000742000,2132,201302
010988610,800.0,D20012,000000742002,2132,201302
011009748,437.6,D20085,000000130100,2132,201302
011037451,453.6,D40005,000000130100,2132,201302
011052206,298.8,D40025,000000742000,2132,201302
011096939,267.2,D20085,000000130100,2132,201302
011140008,420.0,D40025,000000742000,2132,201302
011284022,246.5,D20031,000000130100,2132,201302
011284464,408.0,D40020,000000130100,2132,201302
011286245,240.0,D20085,000000130200,2132,201302
011287857,525.0,D20031,000000130200,2132,201302
011290860,165.75,D20028,000000130100,2132,201302
011293187,470.4,D40046,000000130100,2132,201302
011293824,225.25,D20031,000000130100,2132,201302
011305667,500.0,D20037,000000130200,2132,201302
011315651,400.0,D40008,000000130100,2132,201302
011316158,693.0,D40046,000000130200,2132,201302
011325323,493.6,D40025,000000130100,2132,201302
011331043,484.0,D40025,000000130100,2132,201302
011332850,260.0,D40008,000000130200,2132,201302
011332850,392.0,D40008,000000130200,2132,201302
011435511,51.58,D40025,000000742000,2132,201302
011437006,236.25,D20037,000000130100,2132,201302
011442037,291.2,D40022,000000742000,2132,201302
011446899,278.4,D40022,000000742000,2132,201302
011834403,210.0,D20040,000000742001,2132,201302
011884596,338.3,D40008,000000130000,2132,201302
939721139,369.0,D40025,000000742000,2132,201302
939977109,252.25,D20012,000000742002,2132,201302
940913356,380.0,D20066,000000130000,2132,201302
943411332,340.0,D20012,000000742002,2132,201302
945490695,334.95,D40050,000000130000,2132,201302
945490695,35.32,D40038,000000130000,2132,201302
946152915,505.0,D40007,000000130000,2132,201302
946408846,386.62,D40017,000000130000,2132,201302
946412447,195.0,D20045,000000130000,2132,201302
946505527,191.25,D40025,000000742000,2132,201302
946509960,305.86,D20085,000000130000,2132,201302
946565509,660.0,D20012,000000742002,2132,201302
946700124,257.48,D20085,000000130000,2132,201302
946717284,93.9,D40046,000000130000,2132,201302
946756947,387.0,D20015,000000130000,2132,201302
946766996,290.7,D20066,000000742000,2132,201302
946875559,413.59,D40030,000000130000,2132,201302
946895514,120.0,D20034,000000742000,2132,201302
947224349,380.0,D20040,000000742001,2132,201302
948815237,135.0,D20042,000000130000,2132,201302
948815237,81.0,D20042,000000130000,2132,201302
948899009,310.5,D20017,000000130000,2132,201302
948899009,85.5,D20017,000000130000,2132,201302
948899009,128.0,D40025,000000130000,2132,201302
948904248,571.21,D40025,000000742000,2132,201302
948944951,120.75,D40028,000000130000,2132,201302
949019909,272.0,D40027,000000130000,2132,201302
949093528,178.4,D20085,000000130000,2132,201302
949123090,157.0,D20042,000000130000,2132,201302
949128290,264.35,D20085,000000130000,2132,201302
949157865,399.5,D40025,000000130000,2132,201302
949161362,218.33,D40060,000000130000,2132,201302
949161362,34.0,D40060,000000130000,2132,201302
949173907,374.0,D40028,000000130000,2132,201302
949174128,616.5,D40025,000000130000,2132,201302
949225855,180.0,D20031,000000130000,2132,201302
949258680,486.4,D20023,000000130000,2132,201302
949264062,262.4,D40025,000000130000,2132,201302
949301645,485.0,D20038,000000130000,2132,201302
949326423,96.0,D40001,000000130000,2132,201302
949345013,80.0,D20040,000000742001,2132,201302
949364227,194.75,D40060,000000130000,2132,201302
949451236,112.0,D20023,000000130000,2132,201302
949466251,297.5,D40032,000000130000,2132,201302
949548892,305.38,D40025,000000130000,2132,201302
949552545,96.0,D40008,000000130000,2132,201302
949552545,120.0,D40008,000000130000,2132,201302
949552545,73.95,D40064,000000130000,2132,201302
949757945,112.0,D20023,000000130000,2132,201302
949757945,252.02,D40046,000000130000,2132,201302
949926659,405.0,D40025,000000742000,2132,201302
950147854,755.1,D40025,000000742000,2132,201302
950195577,425.0,D40032,000000130000,2132,201302
950639865,205.34,D40025,000000742000,2132,201302
950650876,64.0,D40008,000000130000,2132,201302
950650876,160.0,D40008,000000130000,2132,201302
950678592,382.5,D40025,000000742000,2132,201302
950804965,319.5,D20015,000000130000,2132,201302
950929375,466.08,D40038,000000130000,2132,201302
951037223,331.08,D40025,000000742000,2132,201302
951038354,552.5,D20037,000000130000,2132,201302
951055007,336.0,D40025,000000130000,2132,201302
951055683,28.0,D20085,000000130000,2132,201302
951069632,348.65,D20036,000000130000,2132,201302
951075989,608.0,D20089,000000130000,2132,201302
951080864,360.0,D40028,000000130000,2132,201302
951101118,148.8,D40025,000000130000,2132,201302
951114989,238.88,D20025,000000130000,2132,201302
951116016,398.2,D40030,000000130000,2132,201302
951118187,215.9,D40025,000000130000,2132,201302
951129939,199.65,D40025,000000130000,2132,201302
951136738,96.0,D20023,000000130000,2132,201302
951139416,100.2,D40025,000000742000,2132,201302
951166092,313.25,D40028,000000130000,2132,201302
951212593,688.0,D40030,000000130000,2132,201302
951255844,270.75,D20066,000000130000,2132,201302
951302020,306.0,D40025,000000742000,2132,201302
951323964,526.4,D40025,000000130000,2132,201302
951358882,112.0,D20034,000000130000,2132,201302
951358882,192.0,D40025,000000130000,2132,201302
951358882,32.0,D20035,000000130000,2132,201302
951363315,148.75,D20031,000000130000,2132,201302
951363315,221.0,D20066,000000130000,2132,201302
951468667,347.2,D20085,000000130000,2132,201302
951468667,177.65,D20085,000000130000,2132,201302
951542247,383.72,D40030,000000130000,2132,201302
951612096,349.86,D20012,000000742002,2132,201302
951672962,435.0,D40025,000000130000,2132,201302
951959508,295.94,D40030,000000130000,2132,201302
951997728,96.0,D20023,000000130000,2132,201302
952013900,264.0,D20023,000000130000,2132,201302
952100688,312.8,D40025,000000742000,2132,201302
952910926,494.13,D40030,000000130000,2132,201302
952942646,232.0,D40008,000000130000,2132,201302
952957466,613.59,D40038,000000130000,2132,201302
952998416,493.6,D20085,000000130000,2132,201302
953086855,513.0,D20031,000000130000,2132,201302
953090378,160.0,D40008,000000130100,2132,201302
953107928,198.9,D20065,000000130000,2132,201302
953111204,135.3,D20045,000000130000,2132,201302
953114597,161.46,D40025,000000742000,2132,201302
953123203,315.0,D40025,000000130000,2132,201302
953123203,491.42,D40038,000000130000,2132,201302
953129846,421.89,D40046,000000130000,2132,201302
953139024,398.13,D40005,000000130000,2132,201302
953176464,482.8,D40025,000000130000,2132,201302
953207833,292.5,D20030,000000130000,2132,201302
953209237,213.3,D20031,000000130000,2132,201302
953214710,190.4,D40022,000000130000,2132,201302
953223589,169.41,D40025,000000742000,2132,201302
953230401,544.8,D20012,000000742002,2132,201302
953247873,270.0,D40025,000000130000,2132,201302
953253320,411.25,D40005,000000130000,2132,201302
953258169,183.2,D20065,000000130000,2132,201302
953269297,200.0,D40008,000000130000,2132,201302
953269297,102.4,D40008,000000130000,2132,201302
953275290,639.2,D40025,000000130000,2132,201302
953303396,420.0,D40008,000000130000,2132,201302
953315824,275.5,D20017,000000130000,2132,201302
953315824,171.0,D20017,000000130000,2132,201302
953334115,86.7,D20051,000000130000,2132,201302
953372673,632.5,D20031,000000130000,2132,201302
953387272,159.6,D20058,000000130000,2132,201302
953387272,110.5,D40032,000000130000,2132,201302
953410659,88.0,D20023,000000130000,2132,201302
953410659,30.75,D40028,000000130000,2132,201302
953410711,240.0,D40028,000000130000,2132,201302
953414052,153.0,D40032,000000130000,2132,201302
953469315,413.25,D40005,000000130000,2132,201302
953475308,385.0,D40025,000000742000,2132,201302
953480313,97.0,D20045,000000130000,2132,201302
949233109,276.25,D40060,000000130000,2132,201302
011475668,272.0,D40060,000000130200,2132,201302
011559050,527.0,D40060,000000130100,2132,201302
946412447,71.1,D40060,000000130000,2132,201302
951672962,178.5,D40060,000000130000,2132,201302
010052168,444.68,D20012,000000742002,2132,201303
010266213,251.6,D40025,000000742000,2132,201303
010268696,115.5,D40025,000000130000,2132,201303
010282359,812.6,D40025,000000742000,2132,201303
010284413,300.0,D20109,000000130000,2132,201303
010359644,366.53,D20030,000000130200,2132,201303
010396161,100.0,D20012,000000742002,2132,201303
010414569,281.4,D20085,000000130000,2132,201303
010422811,127.3,D20028,000000130000,2132,201303
010422811,157.7,D20037,000000130000,2132,201303
010426958,172.0,D20023,000000130000,2132,201303
010432587,400.5,D20018,000000130000,2132,201303
010436448,175.5,D20031,000000130000,2132,201303
010442649,320.0,D40024,000000130000,2132,201303
010442649,248.0,D40032,000000130000,2132,201303
010443403,152.63,D40020,000000130000,2132,201303
010448902,209.0,D20066,000000742000,2132,201303
010471652,239.2,D20085,000000130000,2132,201303
010482650,152.0,D40025,000000130100,2132,201303
010485874,310.0,D20038,000000130000,2132,201303
010542515,107.2,D40025,000000130000,2132,201303
010542515,60.0,D40060,000000130000,2132,201303
010591668,118.4,D20085,000000130000,2132,201303
010626417,445.5,D20018,000000130000,2132,201303
010687725,105.0,D20025,000000130000,2132,201303
010705587,270.0,D40025,000000742000,2132,201303
010753531,582.12,D20012,000000742002,2132,201303
010894581,248.2,D40025,000000742000,2132,201303
010894581,423.0,D40025,000000742000,2132,201303
010988610,50.0,D20012,000000742002,2132,201303
011009748,404.0,D20085,000000130100,2132,201303
011019914,340.0,D20012,000000742002,2132,201303
011037451,268.8,D40005,000000130100,2132,201303
011052206,274.5,D40025,000000742000,2132,201303
011096939,312.8,D20085,000000130100,2132,201303
011140008,393.0,D40025,000000742000,2132,201303
011284022,229.5,D20031,000000130100,2132,201303
011284464,280.0,D40020,000000130100,2132,201303
011286245,169.6,D20085,000000130200,2132,201303
011287857,281.0,D20031,000000130200,2132,201303
011290860,89.25,D20028,000000130100,2132,201303
011293187,344.4,D40046,000000130100,2132,201303
011293824,153.0,D20031,000000130100,2132,201303
011305667,110.0,D20037,000000130200,2132,201303
011315651,288.0,D40008,000000130100,2132,201303
011316158,634.0,D40046,000000130200,2132,201303
011325323,459.2,D40025,000000130100,2132,201303
011331043,307.2,D40025,000000130100,2132,201303
011332850,208.0,D40008,000000130200,2132,201303
011332850,96.0,D40008,000000130200,2132,201303
011332850,60.8,D40008,000000130200,2132,201303
011435511,69.52,D40025,000000742000,2132,201303
011437006,212.63,D20037,000000130100,2132,201303
011442037,254.4,D40022,000000742000,2132,201303
011446899,224.0,D40022,000000742000,2132,201303
011475668,267.75,D40060,000000130200,2132,201303
011559050,633.75,D40060,000000130100,2132,201303
011834403,370.0,D20040,000000742001,2132,201303
939721139,333.0,D40025,000000742000,2132,201303
939977109,857.01,D20012,000000742002,2132,201303
940913356,410.0,D20066,000000130000,2132,201303
945490695,404.25,D40050,000000130000,2132,201303
946408846,208.2,D40017,000000130000,2132,201303
946412447,54.0,D40060,000000130000,2132,201303
946412447,120.0,D20045,000000130000,2132,201303
946509960,247.34,D20085,000000130000,2132,201303
946565509,690.0,D20012,000000742002,2132,201303
946700124,186.96,D20085,000000130000,2132,201303
946717284,117.37,D40046,000000130000,2132,201303
946756947,303.3,D20015,000000130000,2132,201303
946766996,274.5,D20066,000000742000,2132,201303
946875559,415.4,D40030,000000130000,2132,201303
947224349,110.0,D20040,000000742001,2132,201303
948620562,776.16,D20012,000000742002,2132,201303
948815237,81.0,D20042,000000130000,2132,201303
948815237,94.5,D20042,000000130000,2132,201303
948899009,88.0,D40025,000000130000,2132,201303
948904248,611.84,D40025,000000742000,2132,201303
949019909,244.0,D40027,000000130000,2132,201303
949093528,124.8,D20085,000000130000,2132,201303
949128290,226.0,D20085,000000130000,2132,201303
949157865,361.25,D40025,000000130000,2132,201303
949161362,49.0,D40060,000000130000,2132,201303
949161362,160.93,D40060,000000130000,2132,201303
949174128,555.3,D40025,000000130000,2132,201303
949225855,198.0,D20031,000000130000,2132,201303
949233109,229.5,D40060,000000130000,2132,201303
949258680,412.0,D20023,000000130000,2132,201303
949264062,196.0,D40025,000000130000,2132,201303
949345013,560.0,D20040,000000742001,2132,201303
949364227,380.48,D40038,000000130000,2132,201303
949364227,143.5,D40060,000000130000,2132,201303
949451236,144.0,D20023,000000130000,2132,201303
949466251,216.75,D40032,000000130000,2132,201303
949548892,221.38,D40025,000000130000,2132,201303
949552545,80.0,D40008,000000130000,2132,201303
949552545,96.0,D40008,000000130000,2132,201303
949757945,271.04,D40046,000000130000,2132,201303
949757945,240.0,D20023,000000130000,2132,201303
949926659,441.0,D40025,000000742000,2132,201303
950147854,684.0,D40025,000000742000,2132,201303
950195577,357.0,D40032,000000130000,2132,201303
950639865,173.6,D40025,000000742000,2132,201303
950650876,80.0,D40008,000000130000,2132,201303
950678592,324.9,D40025,000000742000,2132,201303
950804965,377.1,D20015,000000130000,2132,201303
950929375,383.26,D40038,000000130000,2132,201303
951038354,728.0,D20037,000000130000,2132,201303
951055007,256.0,D40025,000000130000,2132,201303
951069632,220.4,D20036,000000130000,2132,201303
951075989,302.0,D20089,000000130000,2132,201303
951080864,297.0,D40028,000000130000,2132,201303
951101118,994.8,D40025,000000130000,2132,201303
951114989,80.85,D20025,000000130000,2132,201303
951114989,122.5,D20025,000000130000,2132,201303
951114989,159.25,D20025,000000130000,2132,201303
951116016,325.8,D40030,000000130000,2132,201303
951118187,172.55,D40025,000000130000,2132,201303
951129939,130.35,D40025,000000130000,2132,201303
951136738,224.0,D20023,000000130000,2132,201303
951139416,150.3,D40025,000000742000,2132,201303
951166092,177.62,D40028,000000130000,2132,201303
951212593,516.0,D40030,000000130000,2132,201303
951255844,164.35,D20066,000000130000,2132,201303
951302020,306.0,D40025,000000742000,2132,201303
951323964,417.6,D40025,000000130000,2132,201303
951358882,112.0,D20034,000000130000,2132,201303
951363315,67.15,D20031,000000130000,2132,201303
951363315,140.0,D20066,000000130000,2132,201303
951468667,158.4,D20085,000000130000,2132,201303
951468667,102.85,D20085,000000130000,2132,201303
951542247,121.27,D40030,000000130000,2132,201303
951672962,455.0,D40025,000000130000,2132,201303
951672962,157.25,D40060,000000130000,2132,201303
951997728,208.0,D20023,000000130000,2132,201303
952013900,204.0,D20023,000000130000,2132,201303
952100688,311.1,D40025,000000742000,2132,201303
952910926,353.8,D40030,000000130000,2132,201303
952942646,92.0,D40008,000000130000,2132,201303
952957466,617.21,D40038,000000130000,2132,201303
952998416,217.89,D20085,000000130000,2132,201303
953086855,494.0,D20031,000000130000,2132,201303
953107928,145.35,D20065,000000130000,2132,201303
953111204,361.83,D20045,000000130000,2132,201303
953114597,179.4,D40025,000000742000,2132,201303
953123203,330.33,D40038,000000130000,2132,201303
953123203,332.0,D40025,000000130000,2132,201303
953129846,262.61,D40046,000000130000,2132,201303
953139024,288.75,D40005,000000130000,2132,201303
953176464,340.0,D40025,000000130000,2132,201303
953207833,306.0,D20030,000000130000,2132,201303
953209237,265.5,D20036,000000130000,2132,201303
953214710,136.0,D40022,000000130000,2132,201303
953230401,635.6,D20012,000000742002,2132,201303
953247873,276.0,D40025,000000130000,2132,201303
953253320,249.38,D40005,000000130000,2132,201303
953258169,194.4,D20065,000000130000,2132,201303
953269297,96.0,D40008,000000130000,2132,201303
953275186,915.0,D20040,000000742001,2132,201303
953275290,538.4,D40025,000000130000,2132,201303
953303396,136.0,D40008,000000130000,2132,201303
953315824,337.25,D20017,000000130000,2132,201303
953334115,187.0,D20051,000000130000,2132,201303
953372673,407.0,D20031,000000130000,2132,201303
953387272,340.2,D20058,000000130000,2132,201303
953387272,127.5,D40032,000000130000,2132,201303
953410659,41.0,D40028,000000130000,2132,201303
953410659,228.0,D20023,000000130000,2132,201303
953410711,276.0,D40028,000000130000,2132,201303
953414052,110.5,D40032,000000130000,2132,201303
953475308,355.0,D40025,000000742000,2132,201303
953480313,25.0,D20045,000000130000,2132,201303
953480313,52.8,D40008,000000130000,2132,201303
952942646,104.0,D40008,000000130000,2132,201303
946505527,153.0,D40025,000000742000,2132,201303
010988610,550.0,D20012,000000742002,2132,201304
010396161,462.5,D20012,000000742002,2132,201304
953315824,399.0,D20017,000000130000,2132,201304
010626417,450.0,D20018,000000130000,2132,201304
010432587,18.0,D20018,000000130000,2132,201304
949757945,128.0,D20023,000000130000,2132,201304
010426958,200.0,D20023,000000130000,2132,201304
951997728,256.0,D20023,000000130000,2132,201304
952013900,568.0,D20023,000000130000,2132,201304
949258680,420.0,D20023,000000130000,2132,201304
953410659,144.0,D20023,000000130000,2132,201304
949451236,160.0,D20023,000000130000,2132,201304
951136738,240.0,D20023,000000130000,2132,201304
010687725,384.0,D20025,000000130000,2132,201304
951114989,690.9,D20025,000000130000,2132,201304
010687725,265.0,D20025,000000130000,2132,201304
951114989,208.25,D20025,000000130000,2132,201304
010422811,360.75,D20028,000000130000,2132,201304
011290860,195.5,D20028,000000130100,2132,201304
953207833,558.0,D20030,000000130000,2132,201304
949225855,234.0,D20031,000000130000,2132,201304
953086855,323.0,D20031,000000130000,2132,201304
951363315,233.75,D20031,000000130000,2132,201304
011287857,500.0,D20031,000000130200,2132,201304
011284022,306.0,D20031,000000130100,2132,201304
953372673,289.3,D20031,000000130000,2132,201304
010436448,171.0,D20031,000000130000,2132,201304
011293824,229.5,D20031,000000130100,2132,201304
951358882,128.0,D20034,000000130000,2132,201304
951069632,460.2,D20036,000000130000,2132,201304
951038354,364.0,D20037,000000130000,2132,201304
011305667,160.0,D20037,000000130200,2132,201304
011437006,266.0,D20037,000000130100,2132,201304
953334115,130.05,D20051,000000130000,2132,201304
953258169,259.2,D20065,000000130000,2132,201304
953107928,226.1,D20065,000000130000,2132,201304
951363315,76.0,D20066,000000130000,2132,201304
946766996,274.5,D20066,000000742000,2132,201304
940913356,525.0,D20066,000000130000,2132,201304
010448902,342.0,D20066,000000742000,2132,201304
951255844,242.25,D20066,000000130000,2132,201304
011286245,224.0,D20085,000000130200,2132,201304
952998416,16.2,D20085,000000130000,2132,201304
946700124,267.32,D20085,000000130000,2132,201304
011096939,317.6,D20085,000000130100,2132,201304
010414569,418.32,D20085,000000130000,2132,201304
011009748,510.4,D20085,000000130100,2132,201304
010471652,227.2,D20085,000000130000,2132,201304
949093528,140.0,D20085,000000130000,2132,201304
946509960,250.66,D20085,000000130000,2132,201304
951468667,192.0,D20085,000000130000,2132,201304
951468667,142.8,D20085,000000130000,2132,201304
011284464,464.0,D40020,000000130100,2132,201304
010443403,49.5,D40020,000000130000,2132,201304
011446899,324.8,D40022,000000742000,2132,201304
011442037,309.6,D40022,000000742000,2132,201304
953214710,190.4,D40022,000000130000,2132,201304
011052206,324.0,D40025,000000742000,2132,201304
946505527,276.25,D40025,000000742000,2132,201304
010282359,522.22,D40025,000000742000,2132,201304
948904248,681.15,D40025,000000742000,2132,201304
949019909,300.0,D40027,000000130000,2132,201304
952910926,62.45,D40030,000000130000,2132,201304
951116016,148.42,D40030,000000130000,2132,201304
010359644,285.08,D40030,000000130200,2132,201304
951222681,322.5,D40030,000000130000,2132,201304
950195577,629.0,D40032,000000130000,2132,201304
010442649,84.0,D40032,000000130000,2132,201304
949466251,246.5,D40032,000000130000,2132,201304
953414052,153.0,D40032,000000130000,2132,201304
953387272,51.0,D40032,000000130000,2132,201304
950929375,488.13,D40038,000000130000,2132,201304
952957466,466.98,D40038,000000130000,2132,201304
953123203,256.12,D40038,000000130000,2132,201304
011293187,594.09,D40046,000000130100,2132,201304
946717284,93.9,D40046,000000130000,2132,201304
953129846,372.81,D40046,000000130000,2132,201304
945490695,138.6,D40050,000000130000,2132,201304
949364227,194.75,D40060,000000130000,2132,201304
949161362,196.8,D40060,000000130000,2132,201304
953111204,128.13,D20045,000000130000,2132,201304
953480313,80.0,D20045,000000130000,2132,201304
953387272,226.8,D20058,000000130000,2132,201304
010284413,470.0,D20109,000000130000,2132,201304
953230401,544.8,D20012,000000742002,2132,201304
010052168,226.38,D20012,000000742002,2132,201304
939977109,261.95,D20012,000000742002,2132,201304
946565509,345.0,D20012,000000742002,2132,201304
010753531,98.0,D20012,000000742002,2132,201304
948620562,323.4,D20012,000000742002,2132,201304
946756947,405.0,D20015,000000130000,2132,201304
950804965,394.2,D20015,000000130000,2132,201304
953209237,240.0,D20036,000000130000,2132,201304
947224349,180.0,D20040,000000742001,2132,201304
948815237,207.0,D20042,000000130000,2132,201304
948815237,112.5,D20042,000000130000,2132,201304
953253320,358.75,D40005,000000130000,2132,201304
953139024,393.75,D40005,000000130000,2132,201304
952942646,124.0,D40008,000000130000,2132,201304
953303396,197.6,D40008,000000130000,2132,201304
011332850,272.0,D40008,000000130200,2132,201304
953480313,84.0,D40008,000000130000,2132,201304
011315651,308.0,D40008,000000130100,2132,201304
952942646,152.0,D40008,000000130000,2132,201304
011332850,280.8,D40008,000000130200,2132,201304
953269297,100.0,D40008,000000130000,2132,201304
950650876,128.0,D40008,000000130000,2132,201304
951323964,443.2,D40025,000000130000,2132,201304
949548892,388.75,D40025,000000130000,2132,201304
011331043,443.2,D40025,000000130100,2132,201304
953275290,536.8,D40025,000000130000,2132,201304
011325323,319.2,D40025,000000130100,2132,201304
949157865,437.75,D40025,000000130000,2132,201304
953176464,461.55,D40025,000000130000,2132,201304
951118187,81.6,D40025,000000130000,2132,201304
949174128,171.9,D40025,000000130000,2132,201304
951129939,182.33,D40025,000000130000,2132,201304
949264062,311.2,D40025,000000130000,2132,201304
948899009,136.0,D40025,000000130000,2132,201304
951055007,336.0,D40025,000000130000,2132,201304
010482650,236.0,D40025,000000130100,2132,201304
011140008,435.0,D40025,000000742000,2132,201304
010894581,259.25,D40025,000000742000,2132,201304
949926659,477.9,D40025,000000742000,2132,201304
010266213,146.2,D40025,000000742000,2132,201304
953247873,267.6,D40025,000000130000,2132,201304
951101118,356.4,D40025,000000130000,2132,201304
010268696,132.0,D40025,000000130000,2132,201304
951672962,550.0,D40025,000000130000,2132,201304
953123203,405.0,D40025,000000130000,2132,201304
010268696,87.3,D40028,000000130000,2132,201304
010426958,85.5,D40028,000000130000,2132,201304
953480313,90.0,D40028,000000130000,2132,201304
951166092,90.0,D40028,000000130000,2132,201304
010542515,188.0,D40028,000000130000,2132,201304
951166092,157.5,D40028,000000130000,2132,201304
951080864,342.0,D40028,000000130000,2132,201304
953410711,288.0,D40028,000000130000,2132,201304
010542515,125.0,D40060,000000130000,2132,201304
949161362,118.0,D40060,000000130000,2132,201304
951672962,218.45,D40060,000000130000,2132,201304
011475668,310.25,D40060,000000130200,2132,201304
949233109,51.0,D40060,000000130000,2132,201304
011559050,618.8,D40060,000000130100,2132,201304
010485874,380.0,D20038,000000130000,2132,201304
946412447,65.0,D20045,000000130000,2132,201304
946412447,34.2,D40060,000000130000,2132,201304
953410659,41.0,D40028,000000130000,2132,201304
